{
  "assets": [
    "WETH",
    "USDT",
    "USDC",
    "WBTC",
    "wstETH",
    "weETH",
    "cbBTC",
    "sUSDe",
    "USDe",
    "RLUSD"
  ],
  "latest_prices": {
    "WETH": 2961.3926525379275,
    "USDT": 0.9998948723968892,
    "USDC": 1.000115606129505,
    "WBTC": 87683.32985376962,
    "wstETH": 3618.654120787658,
    "weETH": 3209.9442359566697,
    "cbBTC": 87792.26198835531,
    "sUSDe": 1.2094022847381307,
    "USDe": 0.999398175688518,
    "RLUSD": 0.9997666919060852
  },
  "annual_volatility": {
    "WETH": 0.7539136808644266,
    "USDT": 0.006851753973797807,
    "USDC": 0.0037736081239204996,
    "WBTC": 0.42218621726970534,
    "wstETH": 0.7583039541041103,
    "weETH": 0.7543040826605377,
    "cbBTC": 0.42464621435747063,
    "sUSDe": 0.02342756309198349,
    "USDe": 0.016623550094647874,
    "RLUSD": 0.043592448505122956
  },
  "correlation_matrix": [
    [
      1.0,
      0.2707745033273662,
      0.07367798556120277,
      0.8219671997176585,
      0.9960422060384518,
      0.9989934360366807,
      0.8189040099878426,
      0.22003546919299943,
      0.2664983092677592,
      -0.012855095534859232
    ],
    [
      0.2707745033273662,
      1.0,
      0.4135391475906115,
      0.37423324527151225,
      0.2748300863290771,
      0.26988811431830867,
      0.3722151437761816,
      0.24994975540988187,
      0.33039604457894306,
      0.03539951520329216
    ],
    [
      0.07367798556120277,
      0.4135391475906115,
      1.0,
      0.08242196208547524,
      0.07422945416306785,
      0.07333993883326118,
      0.08305253611544842,
      0.15717700721379604,
      0.14471596443807128,
      0.050267049693753965
    ],
    [
      0.8219671997176585,
      0.37423324527151225,
      0.08242196208547524,
      1.0,
      0.8170646077205633,
      0.820496529443182,
      0.9970763145400866,
      0.17094269782177765,
      0.2450957456423843,
      -0.04760247794079132
    ],
    [
      0.9960422060384518,
      0.2748300863290771,
      0.07422945416306785,
      0.8170646077205633,
      1.0,
      0.9958871046373654,
      0.8139729415392106,
      0.2171213797448733,
      0.26161224338282696,
      -0.00537549116612556
    ],
    [
      0.9989934360366807,
      0.26988811431830867,
      0.07333993883326118,
      0.820496529443182,
      0.9958871046373654,
      1.0,
      0.8171427679888272,
      0.22516345709015578,
      0.265320614840849,
      -0.013837813712785006
    ],
    [
      0.8189040099878426,
      0.3722151437761816,
      0.08305253611544842,
      0.9970763145400866,
      0.8139729415392106,
      0.8171427679888272,
      1.0,
      0.17863253213806776,
      0.2332077440238716,
      -0.04313558856962744
    ],
    [
      0.22003546919299943,
      0.24994975540988187,
      0.15717700721379604,
      0.17094269782177765,
      0.2171213797448733,
      0.22516345709015578,
      0.17863253213806776,
      1.0,
      0.3199736162503636,
      0.11719305499497726
    ],
    [
      0.2664983092677592,
      0.33039604457894306,
      0.14471596443807128,
      0.2450957456423843,
      0.26161224338282696,
      0.265320614840849,
      0.2332077440238716,
      0.3199736162503636,
      1.0,
      0.05783795725483199
    ],
    [
      -0.012855095534859232,
      0.03539951520329216,
      0.050267049693753965,
      -0.04760247794079132,
      -0.00537549116612556,
      -0.013837813712785006,
      -0.04313558856962744,
      0.11719305499497726,
      0.05783795725483199,
      1.0
    ]
  ],
  "covariance_matrix": [
    [
      0.5683858381945485,
      0.0013987211843090681,
      0.0002096120115618497,
      0.26162555522288894,
      0.5694330713634322,
      0.5681077544864612,
      0.2621693267700873,
      0.00388634574102656,
      0.0033399491811203484,
      -0.00042248198600279926
    ],
    [
      0.0013987211843090681,
      4.694653251745404e-05,
      1.0692399742264968e-05,
      0.0010825505307060326,
      0.001427938013470626,
      0.0013948643594322043,
      0.0010829865320209037,
      4.012190937146765e-05,
      3.76322665543071e-05,
      1.0573294721073476e-05
    ],
    [
      0.0002096120115618497,
      1.0692399742264968e-05,
      1.4240118272918798e-05,
      0.00013131181319136673,
      0.00021241069787489913,
      0.00020875832325599432,
      0.00013308740397055733,
      1.3895460036040493e-05,
      9.078142966692916e-06,
      8.268970784047143e-06
    ],
    [
      0.26162555522288894,
      0.0010825505307060326,
      0.00013131181319136673,
      0.17824120205250288,
      0.2615795393333829,
      0.2612926887815192,
      0.1787556212346035,
      0.0016907590512680736,
      0.0017201392296500259,
      -0.0008760822368957242
    ],
    [
      0.5694330713634322,
      0.001427938013470626,
      0.00021241069787489913,
      0.2615795393333829,
      0.5750248868099287,
      0.5696392261863201,
      0.2621081622828815,
      0.0038572077160152728,
      0.003297806442170868,
      -0.0001776939887766172
    ],
    [
      0.5681077544864612,
      0.0013948643594322043,
      0.00020875832325599432,
      0.2612926887815192,
      0.5696392261863201,
      0.5689746491183554,
      0.26174093923825575,
      0.0039789774926199005,
      0.0033269113591118675,
      -0.00045501446301441235
    ],
    [
      0.2621693267700873,
      0.0010829865320209037,
      0.00013308740397055733,
      0.1787556212346035,
      0.2621081622828815,
      0.26174093923825575,
      0.1803244073681309,
      0.0017771125233510955,
      0.0016462432263077936,
      -0.0007984987639282191
    ],
    [
      0.00388634574102656,
      4.012190937146765e-05,
      1.3895460036040493e-05,
      0.0016907590512680736,
      0.0038572077160152728,
      0.0039789774926199005,
      0.0017771125233510955,
      0.000548850712428867,
      0.0001246134908376352,
      0.00011968514628758387
    ],
    [
      0.0033399491811203484,
      3.76322665543071e-05,
      9.078142966692916e-06,
      0.0017201392296500259,
      0.003297806442170868,
      0.0033269113591118675,
      0.0016462432263077936,
      0.0001246134908376352,
      0.0002763424177492674,
      4.191292648694404e-05
    ],
    [
      -0.00042248198600279926,
      1.0573294721073476e-05,
      8.268970784047143e-06,
      -0.0008760822368957242,
      -0.0001776939887766172,
      -0.00045501446301441235,
      -0.0007984987639282191,
      0.00011968514628758387,
      4.191292648694404e-05,
      0.001900301566671797
    ]
  ],
  "data_start": "2024-12-17 00:00:00+00:00",
  "data_end": "2025-12-17 00:00:00+00:00"
}